,item1,item2,correlation
0,toyota,sports,0.5258285403251648
1,toyota,鐵灰色,0.5225476026535034
2,toyota,以北,0.5169756412506104
3,toyota,hv,0.5157466530799866
4,toyota,藍耀灰,0.5144733786582947
5,toyota,臺中,0.5132175087928772
6,toyota,雲河,0.5096297860145569
7,toyota,全新車,0.501192569732666
8,toyota,trek,0.4974331557750702
9,toyota,中部,0.49624964594841003
10,油電,hybrid,0.6651203632354736
11,油電,汽油,0.6417900323867798
12,油電,藍耀灰,0.6072078943252563
13,油電,汽油版,0.6039112210273743
14,油電,中北部,0.5978444218635559
15,油電,岩綠,0.5951755046844482
16,油電,藍曜,0.5832958221435547
17,油電,雲河,0.5818279981613159
18,油電,油電車,0.5582050681114197
19,油電,hv,0.549076497554779
20,問題,不順,0.4778635799884796
21,問題,怕怕,0.47730255126953125
22,問題,有問,0.47226405143737793
23,問題,壞過,0.4570053517818451
24,問題,定時,0.45614883303642273
25,問題,幾天,0.45612794160842896
26,問題,沒有問題,0.455635666847229
27,問題,這陣子,0.4474882185459137
28,問題,通病,0.4436314105987549
29,問題,情形,0.44227251410484314
30,原廠,外場,0.5860682129859924
31,原廠,外廠,0.5842317938804626
32,原廠,原車,0.582022488117218
33,原廠,註記,0.5779038071632385
34,原廠,做完,0.5768583416938782
35,原廠,無任何,0.5647401213645935
36,原廠,單據,0.5641433596611023
37,原廠,滿月,0.5533854365348816
38,原廠,隨車,0.5511084198951721
39,原廠,oro,0.5506209135055542
40,業務,求站,0.6676633954048157
41,業務,神單,0.6528436541557312
42,業務,業代,0.6523558497428894
43,業務,只折,0.6172839999198914
44,業務,簽了,0.5998719334602356
45,業務,談好,0.5920625329017639
46,業務,這單,0.591093122959137
47,業務,阿莎力,0.5909249186515808
48,業務,另列,0.5906836986541748
49,業務,多問,0.5866479277610779
50,價格,開價,0.6043924689292908
51,價格,運費,0.5994551777839661
52,價格,可談,0.5664249062538147
53,價格,價錢,0.5630905628204346
54,價格,價位,0.5609987378120422
55,價格,行情,0.5595256686210632
56,價格,另計,0.5570635795593262
57,價格,折讓,0.5450540781021118
58,價格,賣價,0.5423886775970459
59,價格,欲售,0.5397090315818787
60,豐田,章男,0.5085269808769226
61,豐田,廣汽,0.5003440976142883
62,豐田,會長,0.46752938628196716
63,豐田,持股,0.4614031910896301
64,豐田,下台,0.4608641266822815
65,豐田,社長,0.4549725651741028
66,豐田,進軍,0.45022061467170715
67,豐田,戰略,0.4447690546512604
68,豐田,日產,0.4413077235221863
69,豐田,一汽,0.4407048523426056
70,altis,阿提絲,0.5275953412055969
71,altis,altis.,0.5212154388427734
72,altis,鐵灰色,0.4973050653934479
73,altis,雅緻,0.49180781841278076
74,altis,經典版,0.4878980219364166
75,altis,camry.,0.48223456740379333
76,altis,代神,0.4813249111175537
77,altis,藍耀灰,0.47552064061164856
78,altis,mk.,0.4742909371852875
79,altis,尊爵,0.4652106761932373
80,rav,岩綠,0.5812504887580872
81,rav,wd,0.55784010887146
82,rav,珍珠,0.5429205298423767
83,rav,adventure,0.5423547029495239
84,rav,冒險,0.521232008934021
85,rav,雲河,0.49895331263542175
86,rav,旗艦,0.4985361397266388
87,rav,年款,0.4946901202201843
88,rav,vti,0.4915105402469635
89,rav,北基,0.4875324070453644
90,cc,鐵灰色,0.5853972434997559
91,cc,鐵灰,0.5765712857246399
92,cc,carmy,0.5691856741905212
93,cc,無調,0.541477382183075
94,cc,轎式,0.5391652584075928
95,cc,xxxkm,0.53626549243927
96,cc,顏色,0.5241891145706177
97,cc,xxxx,0.5105052590370178
98,cc,雅致,0.5072416663169861
99,cc,排檔形式,0.4915303885936737
100,和泰,中信,0.5290287733078003
101,和泰,聯名,0.5248907208442688
102,和泰,和泰車,0.5230770707130432
103,和泰,point,0.5117495656013489
104,和泰,points,0.5044558644294739
105,和泰,pay,0.5032377243041992
106,和泰,蘇純興,0.48545193672180176
107,和泰,總公司,0.4850376844406128
108,和泰,產險,0.48240917921066284
109,和泰,折抵,0.47935914993286133
110,需求,請報,0.668107271194458
111,需求,尤佳,0.6657556891441345
112,需求,北基,0.6641262173652649
113,需求,中北部,0.6506006717681885
114,需求,以北,0.6476136445999146
115,需求,桃竹苗,0.6304291486740112
116,需求,為佳,0.621323823928833
117,需求,報空,0.6201348900794983
118,需求,來信,0.605008065700531
119,需求,臺中,0.6045070290565491
120,引擎,直噴,0.6049272418022156
121,引擎,四缸,0.6040675044059753
122,引擎,汽缸,0.5976601839065552
123,引擎,曲軸,0.5734702944755554
124,引擎,直列,0.5718364715576172
125,引擎,汽門,0.5692075490951538
126,引擎,正時,0.5625615119934082
127,引擎,升四缸,0.5586532354354858
128,引擎,噴射,0.554918646812439
129,引擎,這具,0.5458029508590698
130,日本,自動車,0.5291938185691833
131,日本,日本人,0.4954393804073334
132,日本,原裝,0.4704585075378418
133,日本,印尼,0.45931312441825867
134,日本,右駕,0.4420104920864105
135,日本,菲律賓,0.44109272956848145
136,日本,freed,0.43958133459091187
137,日本,越南,0.43763265013694763
138,日本,馬來西亞,0.43754979968070984
139,日本,一線,0.42587152123451233
140,空間,寬敞,0.6663303375244141
141,空間,車內空間,0.6460955142974854
142,空間,載物,0.6418946385383606
143,空間,偏小,0.6183125376701355
144,空間,傾倒,0.606719434261322
145,空間,壓迫感,0.6063310503959656
146,空間,嬰兒,0.5958664417266846
147,空間,椅背,0.5877531170845032
148,空間,乘坐,0.5843828916549683
149,空間,空間感,0.581402599811554
150,保養,定期,0.6910346150398254
151,保養,每半年,0.6582635045051575
152,保養,定保,0.654528796672821
153,保養,刪單,0.6259255409240723
154,保養,單據,0.6219185590744019
155,保養,調胎,0.6024120450019836
156,保養,定時,0.5946937203407288
157,保養,保修,0.5926865935325623
158,保養,該換,0.5916604995727539
159,保養,無任何,0.5842355489730835
160,便宜,不貴,0.6273732781410217
161,便宜,偏貴,0.5588019490242004
162,便宜,貴到,0.5586117506027222
163,便宜,太貴,0.5571040511131287
164,便宜,好貴,0.5505052208900452
165,便宜,超貴,0.5391351580619812
166,便宜,幾千,0.5204384922981262
167,便宜,太佛,0.5075072050094604
168,便宜,很貴,0.5022653341293335
169,便宜,殺到,0.5019732117652893
170,不錯,蠻好,0.5512869954109192
171,不錯,還行,0.5389907956123352
172,不錯,沒話,0.5247071385383606
173,不錯,普普,0.5137741565704346
174,不錯,還蠻,0.5021768808364868
175,不錯,偏貴,0.5014419555664062
176,不錯,ok,0.4964148998260498
177,不錯,顧得,0.486564040184021
178,不錯,滿意,0.484628826379776
179,不錯,了點,0.48410025238990784
180,交車,自理,0.6611217856407166
181,交車,交期,0.6388357281684875
182,交車,含乙式,0.6365640163421631
183,交車,底前,0.6331283450126648
184,交車,農曆,0.6316229701042175
185,交車,詳列,0.62966388463974
186,交車,另列,0.6226076483726501
187,交車,折現,0.618575930595398
188,交車,可送,0.6097623705863953
189,交車,下訂,0.60743248462677
190,安全,安全性,0.6147292852401733
191,安全,防護,0.5389794707298279
192,安全,氣囊,0.536352813243866
193,安全,顆星,0.49010729789733887
194,安全,安全配備,0.48853233456611633
195,安全,isofix,0.46874430775642395
196,安全,被動,0.46497949957847595
197,安全,成人,0.4638180136680603
198,安全,側撞,0.4566862881183624
199,安全,五星,0.45159879326820374
200,時間,日期,0.5460094213485718
201,時間,週六,0.5034171342849731
202,時間,小時,0.47784748673439026
203,時間,等待,0.4726640284061432
204,時間,下旬,0.4715229570865631
205,時間,談好,0.46915239095687866
206,時間,身份證,0.4687553644180298
207,時間,時段,0.46140652894973755
208,時間,自理,0.45707497000694275
209,時間,底前,0.4570237100124359
210,市場,競爭,0.5754050612449646
211,市場,販售,0.5674313306808472
212,市場,進軍,0.5581285953521729
213,市場,強勢,0.5533336400985718
214,市場,暢銷,0.5519365072250366
215,市場,車市,0.5510340929031372
216,市場,策略,0.5472539067268372
217,市場,新興,0.5408399105072021
218,市場,熱潮,0.5403501987457275
219,市場,相繼,0.5380530953407288
220,空車,可折,0.7589339017868042
221,空車,折價,0.7490494847297668
222,空車,請報,0.7478275895118713
223,空車,折扣價,0.7359330058097839
224,空車,雲河,0.7282139658927917
225,空車,領牌車,0.7272600531578064
226,空車,最低價,0.7250993847846985
227,空車,精裝版,0.7172194123268127
228,空車,藍曜,0.7171100378036499
229,空車,藍耀灰,0.7170888185501099
230,配備,安全配備,0.5211116075515747
231,配備,加選,0.5141392350196838
232,配備,bsm,0.5082368850708008
233,配備,配件,0.505957841873169
234,配備,srs,0.4997505247592926
235,配備,滿配,0.49940231442451477
236,配備,旗艦型,0.487723171710968
237,配備,全景,0.48648056387901306
238,配備,精裝版,0.4861370623111725
239,配備,加購,0.4831785261631012
240,系統,預警式,0.6255559921264648
241,系統,assist,0.624015748500824
242,系統,ahb,0.6157203316688538
243,系統,主動式,0.612417995929718
244,系統,電子式,0.6076468229293823
245,系統,智能,0.6052526831626892
246,系統,system,0.6036322116851807
247,系統,配有,0.6029060482978821
248,系統,lda,0.5988731384277344
249,系統,輔助,0.5849944949150085
250,汽油,藍耀灰,0.6656690835952759
251,汽油,藍曜,0.6612758040428162
252,汽油,雲河,0.6473200917243958
253,汽油,油電,0.6417899131774902
254,汽油,雪貂,0.6410945653915405
255,汽油,尊爵,0.6302889585494995
256,汽油,汽油版,0.6234898567199707
257,汽油,尊絕,0.610773503780365
258,汽油,未含,0.5940966606140137
259,汽油,桃竹苗,0.5771233439445496
260,豪華,藍曜,0.7040566205978394
261,豪華,藍耀灰,0.6960750818252563
262,豪華,雪貂,0.6888568997383118
263,豪華,雲河,0.6854618787765503
264,豪華,尊爵,0.6834374666213989
265,豪華,尊絕,0.648223876953125
266,豪華,全新車,0.6428983211517334
267,豪華,經典,0.6214789152145386
268,豪華,桃竹苗,0.6213853359222412
269,豪華,極光,0.6176902651786804
270,需要,不需,0.5279062390327454
271,需要,無需,0.4838704466819763
272,需要,請益,0.46201616525650024
273,需要,全險,0.4560168981552124
274,需要,額外,0.45425304770469666
275,需要,總額,0.4522230327129364
276,需要,尤佳,0.4512549340724945
277,需要,丙式,0.4509543478488922
278,需要,乙式險,0.45068639516830444
279,需要,含乙式,0.4476943612098694
280,camry,camry.,0.6043490171432495
281,camry,美麗,0.5894775986671448
282,camry,carmy,0.5654484033584595
283,camry,凱美瑞,0.546663224697113
284,camry,avalon,0.5430933237075806
285,camry,中大型,0.5051257014274597
286,camry,teana,0.49848654866218567
287,camry,mondeo,0.48751741647720337
288,camry,premio,0.4842472970485687
289,camry,雅緻,0.4838031828403473
290,電動車,bev,0.625369668006897
291,電動車,燃油車,0.6236382126808167
292,電動車,電車,0.5962498188018799
293,電動車,動車,0.5756472945213318
294,電動車,零排放,0.5751612782478333
295,電動車,ev,0.5742611885070801
296,電動車,動力車,0.5603780150413513
297,電動車,禁售,0.5600058436393738
298,電動車,轉型,0.5519108176231384
299,電動車,減碳,0.5483671426773071
300,電池,鎳氫,0.6163820624351501
301,電池,壽命,0.5732775330543518
302,電池,離子,0.5570342540740967
303,電池,電瓶,0.5514161586761475
304,電池,容量,0.5294985771179199
305,電池,電池組,0.5282230377197266
306,電池,度電,0.5236609578132629
307,電池,固態,0.5152512192726135
308,電池,電流,0.5121572613716125
309,電池,損耗,0.5052210688591003
310,cross,corolla,0.6136105060577393
311,cross,藍曜,0.5659948587417603
312,cross,over,0.5649454593658447
313,cross,藍耀灰,0.5532407760620117
314,cross,雪貂,0.5412150621414185
315,cross,雲河,0.5260303616523743
316,cross,crossover,0.5151219964027405
317,cross,極光,0.5045627355575562
318,cross,北基,0.4898277819156647
319,cross,sports,0.48800405859947205
320,corolla,cross,0.6136106252670288
321,corolla,藍曜,0.5770474076271057
322,corolla,雪貂,0.5626230239868164
323,corolla,藍耀灰,0.5339890718460083
324,corolla,sports,0.520250678062439
325,corolla,trek,0.513709306716919
326,corolla,雲河,0.5133999586105347
327,corolla,鐵灰色,0.48345205187797546
328,corolla,北基,0.48206695914268494
329,corolla,sport,0.4778813123703003
330,車廠,廠商,0.4874647855758667
331,車廠,各家,0.48458486795425415
332,車廠,資本,0.45122474431991577
333,車廠,營收,0.45059144496917725
334,車廠,車企,0.44781938195228577
335,車廠,母公司,0.4466691017150879
336,車廠,淨利,0.4453839957714081
337,車廠,外包,0.4443458318710327
338,車廠,大廠,0.4414854049682617
339,車廠,協議,0.42951539158821106
340,油耗,公升,0.6209821701049805
341,油耗,平均,0.6013288497924805
342,油耗,耗油,0.5877603888511658
343,油耗,右腳,0.560701847076416
344,油耗,市區,0.5589224696159363
345,油耗,能源局,0.5534713268280029
346,油耗,wltc,0.5272507667541504
347,油耗,能耗,0.516366183757782
348,油耗,均速,0.5041395425796509
349,油耗,單趟,0.5024421811103821
350,考慮,猶豫,0.5397568941116333
351,考慮,選一台,0.5304583311080933
352,考慮,我會選,0.5302620530128479
353,考慮,能選,0.5217950344085693
354,考慮,不考慮,0.5175625681877136
355,考慮,這三台,0.5147722363471985
356,考慮,考量,0.5145266056060791
357,考慮,太大台,0.5044031739234924
358,考慮,抉擇,0.49696096777915955
359,考慮,我選,0.495354026556015
360,特斯拉,tesla,0.5737523436546326
361,特斯拉,特粉,0.5464483499526978
362,特斯拉,馬斯克,0.5435909628868103
363,特斯拉,斯拉,0.5417562127113342
364,特斯拉,我特,0.5369874238967896
365,特斯拉,tsla,0.5265839099884033
366,特斯拉,tpc,0.5155143737792969
367,特斯拉,市值,0.5150880217552185
368,特斯拉,modely,0.4913997948169708
369,特斯拉,特黑,0.47774365544319153
370,笑死,xdddddd,0.5601162314414978
371,笑死,靠背,0.5519569516181946
372,笑死,xdddd,0.5505239367485046
373,笑死,wwww,0.5397843718528748
374,笑死,照妖鏡,0.538550078868866
375,笑死,真慘,0.535181999206543
376,笑死,某人,0.5346398949623108
377,笑死,出征,0.5340978503227234
378,笑死,zzz,0.5302001237869263
379,笑死,拼命,0.5266533493995667
380,國產,進口,0.559082567691803
381,國產,國慘,0.4879542887210846
382,國產,國產車,0.4838810861110687
383,國產,國慘車,0.47186988592147827
384,國產,產地,0.47058770060539246
385,國產,國瑞,0.4694918096065521
386,國產,進口車,0.4675590395927429
387,國產,zace,0.46473073959350586
388,國產,corona,0.4633554220199585
389,國產,有撞測,0.46115735173225403
390,建議,不騙,0.5134111642837524
391,建議,三思,0.4986475110054016
392,建議,問車,0.4794306457042694
393,建議,過來人,0.46309566497802734
394,建議,線索,0.46036139130592346
395,建議,我會,0.452425479888916
396,建議,我選,0.4400865137577057
397,建議,刪掉,0.4373576045036316
398,建議,找小施,0.4372519552707672
399,建議,新手,0.4356371760368347
400,動力,引擎動力,0.6112826466560364
401,動力,自然進,0.5925931334495544
402,動力,升四缸,0.5915038585662842
403,動力,單元,0.5812630653381348
404,動力,升三缸,0.5760558843612671
405,動力,這具,0.5640929341316223
406,動力,渦輪,0.5559828281402588
407,動力,增壓,0.5546590089797974
408,動力,複合,0.5424151420593262
409,動力,直列,0.5390532612800598
410,喜歡,喜好,0.5062223076820374
411,喜歡,太座,0.49745941162109375
412,喜歡,愛的,0.49693405628204346
413,喜歡,老公,0.4879733622074127
414,喜歡,買給,0.47990521788597107
415,喜歡,嫌棄,0.47952136397361755
416,喜歡,happywifehappylife,0.4778229594230652
417,喜歡,回頭,0.4757941663265228
418,喜歡,順眼,0.46698907017707825
419,喜歡,女生,0.4662950932979584
420,內裝,皮椅,0.5680909156799316
421,內裝,質感,0.5558001399040222
422,內裝,外表,0.5467613339424133
423,內裝,塑料,0.5212447643280029
424,內裝,縫線,0.5199472308158875
425,內裝,車漆,0.5109925866127014
426,內裝,皮質,0.49958211183547974
427,內裝,皮革,0.49860045313835144
428,內裝,內外,0.4908641278743744
429,內裝,鋪陳,0.48890799283981323
430,福特,六和,0.5624895095825195
431,福特,福祿,0.5618103742599487
432,福特,雙福,0.5087161660194397
433,福特,長安,0.5028123259544373
434,福特,福粉,0.4981363117694855
435,福特,護主,0.49514392018318176
436,福特,福克斯,0.4728577435016632
437,福特,iss,0.4717767536640167
438,福特,尼桑,0.4691760241985321
439,福特,上課,0.46798110008239746
440,現金,貸款,0.8142741918563843
441,現金,設定費,0.7719201445579529
442,現金,贈送配備,0.7582554817199707
443,現金,零利率,0.7510209083557129
444,現金,實報實銷,0.7508849501609802
445,現金,折現,0.7344486713409424
446,現金,實付,0.7335004806518555
447,現金,折價,0.730939507484436
448,現金,詳列,0.7304169535636902
449,現金,含乙式,0.7299492955207825
450,進口,進口車,0.5761993527412415
451,進口,國產,0.559082567691803
452,進口,國慘,0.5287714600563049
453,進口,關稅,0.5200634598731995
454,進口,客車,0.5086921453475952
455,進口,來台,0.49799421429634094
456,進口,稅率,0.49189892411231995
457,進口,國慘車,0.48917174339294434
458,進口,有撞測,0.48360970616340637
459,進口,本土,0.4744672477245331
460,駕駛,駕駛人,0.5676684975624084
461,駕駛,乘客,0.5204102993011475
462,駕駛,疲勞,0.5153404474258423
463,駕駛,閃避,0.5089285373687744
464,駕駛,雙手,0.49194464087486267
465,駕駛,駕車,0.4816431403160095
466,駕駛,護欄,0.48009049892425537
467,駕駛,障礙物,0.4686511754989624
468,駕駛,預警式,0.4668594300746918
469,駕駛,ahb,0.4603212773799896
470,高速,公路,0.8330992460250854
471,高速,平路,0.6133643984794617
472,高速,回程,0.5843809843063354
473,高速,市區,0.5822365880012512
474,高速,常跑,0.5820868611335754
475,高速,停停,0.5766929388046265
476,高速,省道,0.57576984167099
477,高速,路程,0.5691570043563843
478,高速,高架,0.5670414566993713
479,高速,國三,0.5618334412574768
480,後座,椅背,0.6842071413993835
481,後座,前座,0.630515992641449
482,後座,膝部,0.6261633634567261
483,後座,壓迫感,0.6213370561599731
484,後座,傾倒,0.6111484169960022
485,後座,頂到,0.5958907604217529
486,後座,椅面,0.5908646583557129
487,後座,坐人,0.5887304544448853
488,後座,坐起來,0.5826194286346436
489,後座,椅墊,0.5819112658500671
490,美國,北美,0.6178727149963379
491,美國,澳洲,0.56721431016922
492,美國,加拿大,0.5646882653236389
493,美國,美國人,0.5518538355827332
494,美國,加州,0.5431290864944458
495,美國,米國,0.5410252809524536
496,美國,臺灣,0.530340313911438
497,美國,萬鎂,0.5278921723365784
498,美國,亞洲,0.5081010460853577
499,美國,老美,0.48303887248039246
500,lexus,ls,0.5338530540466309
501,lexus,rx,0.5007530450820923
502,lexus,ct,0.4974919855594635
503,lexus,雷克薩斯,0.4901048243045807
504,lexus,凌志,0.4774712920188904
505,lexus,es,0.475978285074234
506,lexus,nx,0.474130243062973
507,lexus,harrier,0.46566712856292725
508,lexus,benz,0.4540707468986511
509,lexus,no.,0.4535309076309204
510,里程,里程數,0.6974713206291199
511,里程,哩程,0.5898314118385315
512,里程,公里數,0.5687390565872192
513,里程,車況,0.5434564352035522
514,里程,誠實,0.5424831509590149
515,里程,萬里,0.536056637763977
516,里程,意者,0.5276727676391602
517,里程,營業,0.5273591876029968
518,里程,可議,0.5258192420005798
519,里程,三萬,0.5212442874908447
520,買車,車貸,0.5680976510047913
521,買車,頭期款,0.5448426604270935
522,買車,頭期,0.5379995107650757
523,買車,衝動,0.5276485681533813
524,買車,月薪,0.526737630367279
525,買車,缺錢,0.5138469934463501
526,買車,年薪,0.5094616413116455
527,買車,信貸,0.5073273181915283
528,買車,存款,0.5010148882865906
529,買車,買房,0.49803730845451355
530,focus,active,0.6840941905975342
531,focus,lommel,0.6603788137435913
532,focus,stline,0.6230752468109131
533,focus,mk.,0.6118680834770203
534,focus,mk,0.5969686508178711
535,focus,st,0.576801598072052
536,focus,選馬,0.5534753799438477
537,focus,仙草,0.5449180603027344
538,focus,focusmk,0.5404625535011292
539,focus,任性,0.5379936099052429
540,隔熱紙,fsk,0.8137248158454895
541,隔熱紙,冰鑽,0.7934132814407349
542,隔熱紙,極黑,0.7899649739265442
543,隔熱紙,前檔,0.7871767282485962
544,隔熱紙,前擋,0.7837184071540833
545,隔熱紙,藍鑽,0.776482880115509
546,隔熱紙,隔熱,0.7749146819114685
547,隔熱紙,kt,0.749434769153595
548,隔熱紙,舒熱佳,0.7460291385650635
549,隔熱紙,mio,0.7350805997848511
550,公司,第二年,0.4836038053035736
551,公司,股份,0.47315627336502075
552,公司,講習,0.4654650390148163
553,公司,招募,0.4475385844707489
554,公司,簽訂,0.43310779333114624
555,公司,營運,0.4314853847026825
556,公司,企業,0.4281275272369385
557,公司,保單,0.42681455612182617
558,公司,我方,0.42555564641952515
559,公司,租賃,0.4214339256286621
560,報價,名片,0.745037853717804
561,報價,含乙式,0.7160935401916504
562,報價,另列,0.7037734985351562
563,報價,請報,0.6949894428253174
564,報價,自理,0.6870232224464417
565,報價,詳列,0.6854752898216248
566,報價,贈送配備,0.6806957125663757
567,報價,留名,0.6776807308197021
568,報價,借徵,0.6750702857971191
569,報價,桃竹苗,0.6741267442703247
570,設計,融合,0.5942424535751343
571,設計,語彙,0.5874238014221191
572,設計,氣壩,0.5772009491920471
573,設計,尾燈組,0.5739443898200989
574,設計,輪廓,0.568967342376709
575,設計,簡約,0.56776362657547
576,設計,運動感,0.5673720836639404
577,設計,風格,0.5671189427375793
578,設計,元素,0.5603809356689453
579,設計,簡潔,0.5591955184936523
580,尊爵,尊絕,0.7620526552200317
581,尊爵,藍曜,0.747262716293335
582,尊爵,藍耀灰,0.7368742823600769
583,尊爵,旗艦,0.7365028262138367
584,尊爵,雪貂,0.7317455410957336
585,尊爵,雲河,0.7274276614189148
586,尊爵,桃竹苗,0.6855620741844177
587,尊爵,豪華,0.6834374070167542
588,尊爵,旗艦版,0.6770049929618835
589,尊爵,未含,0.6655155420303345
590,cx,karoq,0.6079017519950867
591,cx,買馬,0.5629023909568787
592,cx,roc,0.5578547716140747
593,cx,sportage,0.5529217720031738
594,cx,地瓜,0.5424497723579407
595,cx,kamiq,0.5399911999702454
596,cx,魔術,0.5368660092353821
597,cx,mazda,0.5361226201057434
598,cx,forester,0.5349029898643494
599,cx,focusactive,0.5272126793861389
600,正常,痕跡,0.5066736936569214
601,正常,無任何,0.49278557300567627
602,正常,滲油,0.48660457134246826
603,正常,遙控器,0.4845310151576996
604,正常,無待修,0.4840056598186493
605,正常,有些許,0.48158708214759827
606,正常,異味,0.47896069288253784
607,正常,無菸,0.4772571325302124
608,正常,如圖,0.4727674722671509
609,正常,右後方,0.46891775727272034
610,選擇,選項,0.5292823314666748
611,選擇,抉擇,0.48445436358451843
612,選擇,會選,0.4522668719291687
613,選擇,傾向,0.4325483441352844
614,選擇,選到,0.42727863788604736
615,選擇,取捨,0.4255911111831665
616,選擇,這幾,0.4255140721797943
617,選擇,兩種,0.4246688485145569
618,選擇,值不值得,0.4221010208129883
619,選擇,礙於,0.4093504548072815
620,行車,記錄器,0.8418232798576355
621,行車,紀錄器,0.8326154351234436
622,行車,mio,0.6963215470314026
623,行車,藍鑽,0.608421266078949
624,行車,廣角,0.6047626733779907
625,行車,前二,0.601138174533844
626,行車,fsk,0.6008713245391846
627,行車,抬頭,0.6000915765762329
628,行車,顯示器,0.5989484786987305
629,行車,極黑,0.5955483913421631
630,開車,平常,0.5320166945457458
631,開車,騎車,0.5320116877555847
632,開車,走路,0.4866316616535187
633,開車,習慣,0.48499512672424316
634,開車,滑手機,0.4801870286464691
635,開車,先開,0.4738445580005646
636,開車,慢慢開,0.46687939763069153
637,開車,火車,0.4478890895843506
638,開車,出門,0.4465903043746948
639,開車,禮讓,0.4456349313259125
640,提供,全省,0.567104697227478
641,提供,為佳,0.566453754901886
642,提供,圓圈圈,0.5596039295196533
643,提供,提供給,0.5585238933563232
644,提供,請報,0.55448979139328
645,提供,尤佳,0.5539329051971436
646,提供,接洽,0.5525182485580444
647,提供,諮詢,0.5502848625183105
648,提供,詳列,0.5341050624847412
649,提供,右上角,0.53299880027771
650,電車,油車,0.6534374952316284
651,電車,動車,0.6179839968681335
652,電車,bev,0.612564742565155
653,電車,氫車,0.6092295050621033
654,電車,電動車,0.5962498784065247
655,電車,諾基亞,0.5949927568435669
656,電車,過渡,0.5926778316497803
657,電車,台電,0.5881334543228149
658,電車,普及,0.5852258205413818
659,電車,電網,0.5834608674049377
660,漏水,漏電,0.6197649836540222
661,漏水,沒漏,0.6133015155792236
662,漏水,進水,0.6129030585289001
663,漏水,打洞,0.6077227592468262
664,漏水,會漏,0.5959914922714233
665,漏水,車頂架,0.5863493084907532
666,漏水,雨衣,0.5822403430938721
667,漏水,頂棚,0.581059992313385
668,漏水,滲水,0.5582102537155151
669,漏水,rain,0.5575534105300903
670,銷量,銷售量,0.7049083709716797
671,銷量,萬台,0.640813946723938
672,銷量,市佔率,0.629167914390564
673,銷量,年銷量,0.6250180602073669
674,銷量,市佔,0.624165415763855
675,銷量,市占,0.611733615398407
676,銷量,第二名,0.6085444688796997
677,銷量,下滑,0.5990805625915527
678,銷量,前十名,0.5981846451759338
679,銷量,名次,0.5920615196228027
680,預算,萬內,0.5855158567428589
681,預算,找小施,0.5435301661491394
682,預算,能選,0.5419072508811951
683,預算,選手,0.5298603177070618
684,預算,給點,0.5271341800689697
685,預算,請益,0.5225415229797363
686,預算,割愛,0.5166085958480835
687,預算,這幾台,0.5150827765464783
688,預算,選一台,0.5049598813056946
689,預算,happywifehappylife,0.5035818815231323
690,yaris,雅緻,0.5592827796936035
691,yaris,經典版,0.5257805585861206
692,yaris,vios,0.5158239603042603
693,yaris,ativ,0.4987679123878479
694,yaris,freed,0.4965460002422333
695,yaris,raize,0.4899451732635498
696,yaris,tiida,0.4824985861778259
697,yaris,臺中,0.47661688923835754
698,yaris,北基,0.47010183334350586
699,yaris,經典,0.46605607867240906
700,好了,正解,0.505307674407959
701,好了,幹麻,0.49564772844314575
702,好了,反正,0.4930483400821686
703,好了,假裝,0.48780563473701477
704,好了,就行,0.4859069287776947
705,好了,你問,0.48513728380203247
706,好了,那買,0.48313087224960327
707,好了,你家,0.48165348172187805
708,好了,xdddd,0.4762808084487915
709,好了,還叫,0.475276917219162
710,本來,想想,0.43309226632118225
711,本來,兩萬多,0.39241698384284973
712,本來,車是,0.3863309621810913
713,本來,懶得,0.3821931481361389
714,本來,當初,0.3794817626476288
715,本來,看人,0.37780916690826416
716,本來,人還,0.3724327087402344
717,本來,快到,0.37153714895248413
718,本來,打折,0.3706861138343811
719,本來,亂七八糟,0.3697298765182495
720,中國,大陸,0.6926521062850952
721,中國,對岸,0.6900849938392639
722,中國,上汽,0.6675134301185608
723,中國,奇瑞,0.6513866782188416
724,中國,一汽,0.643258810043335
725,中國,合資,0.6247444152832031
726,中國,吉利,0.6170083284378052
727,中國,北京,0.6055908799171448
728,中國,長安,0.6023758053779602
729,中國,五菱,0.5966359972953796
730,gr,supra,0.540058434009552
731,gr,grmn,0.5382731556892395
732,gr,sports,0.5381271243095398
733,gr,grsport,0.5359703898429871
734,gr,gazoo,0.533778965473175
735,gr,racing,0.517646074295044
736,gr,一般版,0.5056591033935547
737,gr,sport,0.5032832026481628
738,gr,gryaris,0.4954890012741089
739,gr,wrc,0.48512518405914307
740,折價,折扣,0.8083103895187378
741,折價,贈送配備,0.7647587060928345
742,折價,折現,0.7509098649024963
743,折價,空車,0.7490494251251221
744,折價,贈品,0.7444236278533936
745,折價,折扣價,0.7386254668235779
746,折價,零利率,0.7316769361495972
747,折價,可折,0.7309964299201965
748,折價,現金,0.7309394478797913
749,折價,詳列,0.7234835028648376
750,充電,快充,0.6645507216453552
751,充電,充電站,0.6597287058830261
752,充電,慢充,0.645569384098053
753,充電,充飽,0.6251868009567261
754,充電,chademo,0.5764199495315552
755,充電,充到,0.5752837061882019
756,充電,轉接頭,0.5739825963973999
757,充電,超充,0.5614542961120605
758,充電,功率,0.5583234429359436
759,充電,的電,0.5417613387107849
760,crv,vti,0.5805270671844482
761,crv,kuga,0.5649518370628357
762,crv,rv,0.5408048033714294
763,crv,tucson,0.5212862491607666
764,crv,hrv,0.5151636004447937
765,crv,專賣店,0.478209912776947
766,crv,tucsonl,0.475698322057724
767,crv,苦瓜,0.47302937507629395
768,crv,civic,0.46582910418510437
769,crv,xtrail,0.4631282091140747
770,分享,心得,0.5753209590911865
771,分享,開箱文,0.5426428914070129
772,分享,推推,0.5358993411064148
773,分享,神人,0.5307351350784302
774,分享,推一個,0.5102152228355408
775,分享,友們,0.5052145719528198
776,分享,可否,0.5013033747673035
777,分享,大推,0.49596500396728516
778,分享,好文,0.49388137459754944
779,分享,喜悅,0.487420916557312
780,舊換新,人頭,0.7427910566329956
781,舊換新,折五萬,0.7408263087272644
782,舊換新,汰舊換新,0.7379013299942017
783,舊換新,折現,0.7347373366355896
784,舊換新,廢鐵,0.7282109260559082
785,舊換新,領牌車,0.7120482325553894
786,舊換新,最低價,0.7112618684768677
787,舊換新,折扣價,0.7087467908859253
788,舊換新,零利率,0.7010789513587952
789,舊換新,另列,0.6999759078025818
790,希望,煩請,0.5591197609901428
791,希望,有緣人,0.5499879717826843
792,希望,來信,0.5312996506690979
793,希望,若有,0.5239555835723877
794,希望,不吝,0.5193694829940796
795,希望,可談,0.5178354978561401
796,希望,能給,0.5148298144340515
797,希望,詳談,0.5011954307556152
798,希望,報空,0.5005680918693542
799,希望,版友,0.4999752342700958
800,變速箱,鋼帶,0.6073058247566223
801,變速箱,變速,0.6040898561477661
802,變速箱,正時,0.602608323097229
803,變速箱,齒輪,0.595832347869873
804,變速箱,雙離合器,0.5927917957305908
805,變速箱,離合器,0.5879787802696228
806,變速箱,不順,0.581855058670044
807,變速箱,感知器,0.5736976265907288
808,變速箱,頓挫,0.5736701488494873
809,變速箱,汽缸,0.5654006004333496
810,車機,wifi,0.7311689257621765
811,車機,garmin,0.7104260921478271
812,車機,jhy,0.709773063659668
813,車機,導航機,0.7064311504364014
814,車機,androidauto,0.7043794393539429
815,車機,車美士,0.7022897601127625
816,車機,安卓,0.7015292048454285
817,車機,carmax,0.6962825655937195
818,車機,applecarplay,0.6910884976387024
819,車機,carplay,0.6858246326446533
820,新車,買新車,0.5434809327125549
821,新車,比新車,0.5056408643722534
822,新車,台新,0.47517678141593933
823,新車,年車,0.4668194651603699
824,新車,cpo,0.46193715929985046
825,新車,頭款,0.46137377619743347
826,新車,轉賣,0.4603217542171478
827,新車,二手車,0.4595019519329071
828,新車,割愛,0.4591469168663025
829,新車,中古車,0.45862340927124023
830,底盤,扎實,0.5323520302772522
831,底盤,剛性,0.5321112275123596
832,底盤,調教,0.5307389497756958
833,底盤,紮實,0.527268648147583
834,底盤,懸吊,0.5163426399230957
835,底盤,鋼性,0.5138309001922607
836,底盤,tnga,0.5127208232879639
837,底盤,操控,0.5034404397010803
838,底盤,防傾,0.5019518136978149
839,底盤,連桿,0.4971412420272827
840,倒車,顯影,0.8863474726676941
841,倒車,雷達,0.7764044404029846
842,倒車,影像,0.6516503691673279
843,倒車,速控,0.6442949771881104
844,倒車,前二,0.6416642665863037
845,倒車,盲區,0.6059253215789795
846,倒車,紀錄器,0.6049318313598633
847,倒車,照後鏡,0.6009133458137512
848,倒車,mio,0.5961353778839111
849,倒車,鏡片,0.5958613753318787
850,環景,廠裝,0.6761194467544556
851,環景,pvm,0.6607301831245422
852,環景,外場裝,0.6527910232543945
853,環景,影像,0.6514270901679993
854,環景,鏡片,0.6417624950408936
855,環景,顯影,0.6348124742507935
856,環景,前二,0.6343227624893188
857,環景,雷達,0.6308567523956299
858,環景,盲點,0.6293313503265381
859,環景,加購,0.6210969090461731
860,成本,攤提,0.5582906007766724
861,成本,原料,0.5404626131057739
862,成本,毛利,0.5275501608848572
863,成本,原物料,0.5170069336891174
864,成本,支出,0.4980657398700714
865,成本,人力,0.49365341663360596
866,成本,稅率,0.4844166040420532
867,成本,昂貴,0.484007328748703
868,成本,匯率,0.4697965979576111
869,成本,計價,0.4694643020629883
870,樓上,二樓,0.538515031337738
871,樓上,一樓,0.5139753222465515
872,樓上,問的,0.49138206243515015
873,樓上,正解,0.4808127284049988
874,樓上,講的,0.47628647089004517
875,樓上,幹麻,0.474886029958725
876,樓上,三樓,0.47188541293144226
877,樓上,假裝,0.47107625007629395
878,樓上,還少,0.4656771719455719
879,樓上,超盤,0.46301132440567017
880,保固,延長,0.6005924940109253
881,保固,第五年,0.5992519855499268
882,保固,四年,0.5861968994140625
883,保固,保固期,0.5675920844078064
884,保固,破保,0.5613070726394653
885,保固,註記,0.528146505355835
886,保固,出保,0.5230608582496643
887,保固,過保,0.5185794234275818
888,保固,延保,0.512962818145752
889,保固,每半年,0.5117812156677246
890,fit,hev,0.5874902009963989
891,fit,hrv,0.5841689109802246
892,fit,swift,0.5710166692733765
893,fit,priusc,0.5637722611427307
894,fit,city,0.5361090898513794
895,fit,汽油版,0.5183134078979492
896,fit,tiida,0.5181681513786316
897,fit,freed,0.5177608132362366
898,fit,venue,0.4982742667198181
899,fit,aqua,0.4978640377521515
900,外觀,外表,0.5728872418403625
901,外觀,原版,0.5628970861434937
902,外觀,內外,0.5625078678131104
903,外觀,原漆,0.5605751276016235
904,外觀,外型,0.5565760731697083
905,外觀,前保桿,0.5550839304924011
906,外觀,車漆,0.5530847311019897
907,外觀,漆面,0.5393115282058716
908,外觀,無待修,0.5357738733291626
909,外觀,刮傷,0.5315607190132141
910,恭喜,牽新車,0.8358532786369324
911,恭喜,沾沾,0.7331613898277283
912,恭喜,喜氣,0.6988885998725891
913,恭喜,帥車,0.6839544177055359
914,恭喜,美車,0.653165340423584
915,恭喜,牽車,0.6377663016319275
916,恭喜,羨慕,0.6055575609207153
917,恭喜,推一個,0.5952360033988953
918,恭喜,股神,0.576317310333252
919,恭喜,開新車,0.5715466141700745
920,車商,勿擾,0.644970715045929
921,車商,自售,0.634446918964386
922,車商,車行,0.6137338876724243
923,車商,cpo,0.59623122215271
924,車商,收購價,0.5960346460342407
925,車商,賣價,0.5792733430862427
926,車商,估價,0.5717998743057251
927,車商,收走,0.5607196688652039
928,車商,天書,0.5564172863960266
929,車商,自售車,0.5490688681602478
930,nx,rx,0.6632277369499207
931,nx,nxh,0.580055832862854
932,nx,glc,0.5740807056427002
933,nx,es,0.5574358105659485
934,nx,ux,0.5456423759460449
935,nx,venza,0.5209635496139526
936,nx,harrier,0.5012549757957458
937,nx,qx,0.4966224431991577
938,nx,highlander,0.4932025074958801
939,nx,ls,0.49141809344291687
940,旗艦,尊爵,0.7365028858184814
941,旗艦,旗艦版,0.7263581156730652
942,旗艦,岩綠,0.7154458165168762
943,旗艦,雲河,0.7092814445495605
944,旗艦,藍耀灰,0.6779911518096924
945,旗艦,桃竹苗,0.6740759611129761
946,旗艦,藍曜,0.671627402305603
947,旗艦,尊絕,0.6554064750671387
948,旗艦,雪貂,0.6465957760810852
949,旗艦,年式,0.6381880640983582
950,技術,合作,0.5000583529472351
951,技術,氫能源,0.46770697832107544
952,技術,商業,0.46399205923080444
953,技術,氫車,0.463324636220932
954,技術,研發,0.462745726108551
955,技術,瓶頸,0.4569341838359833
956,技術,專注,0.45209166407585144
957,技術,擅長,0.44354546070098877
958,技術,資本,0.4433092176914215
959,技術,註定,0.43997839093208313
960,輪胎,四顆,0.6579930782318115
961,輪胎,米其林,0.6442769169807434
962,輪胎,胎紋,0.6263569593429565
963,輪胎,四條,0.6185547709465027
964,輪胎,換胎,0.6158514618873596
965,輪胎,saver,0.6053345203399658
966,輪胎,特異,0.6043424010276794
967,輪胎,瑪吉斯,0.5965486168861389
968,輪胎,輪胎行,0.583590030670166
969,輪胎,橫濱,0.5823270678520203
970,太多,別想,0.4896286725997925
971,太多,夠多,0.4810658097267151
972,太多,老實說,0.47167107462882996
973,太多,那麼多,0.46851015090942383
974,太多,不盤,0.46068328619003296
975,太多,亂七八糟,0.458060085773468
976,太多,委屈,0.45678457617759705
977,太多,要漲,0.4541323184967041
978,太多,打折,0.4534482955932617
979,太多,還不夠,0.45155972242355347
980,貸款,利率,0.8173299431800842
981,貸款,現金,0.8142740726470947
982,貸款,設定費,0.7931510210037231
983,貸款,利息,0.7628198862075806
984,貸款,零利率,0.7594894170761108
985,貸款,選牌,0.7281473278999329
986,貸款,頭期,0.7237935662269592
987,貸款,實報實銷,0.7121307253837585
988,貸款,選號,0.7100163102149963
989,貸款,牌框,0.7002907991409302
990,bmw,benz,0.5735942721366882
991,bmw,寶馬,0.5382355451583862
992,bmw,series,0.5364047884941101
993,bmw,賓士,0.5298386812210083
994,bmw,ix,0.5023055076599121
995,bmw,mercedes,0.49807292222976685
996,bmw,jaguar,0.49601081013679504
997,bmw,class,0.4880465567111969
998,bmw,audi,0.47639328241348267
999,bmw,米漿,0.4749771058559418
1000,稅金,燃料稅,0.6365320682525635
1001,稅金,牌照稅,0.6326678991317749
1002,稅金,燃料費,0.6080584526062012
1003,稅金,分擔,0.579474151134491
1004,稅金,分攤,0.5734190344810486
1005,稅金,未含,0.5608804821968079
1006,稅金,另計,0.5573528409004211
1007,稅金,設定費,0.5471864938735962
1008,稅金,規費,0.5453011393547058
1009,稅金,牌照,0.5442965030670166
1010,銷售,單月,0.65749591588974
1011,銷售,掛牌數,0.6549385786056519
1012,銷售,萬輛,0.6488276720046997
1013,銷售,萬台,0.6472178101539612
1014,銷售,暢銷,0.6431285738945007
1015,銷售,寶座,0.6371868252754211
1016,銷售,下滑,0.6291605234146118
1017,銷售,排行榜,0.6275209784507751
1018,銷售,上半年,0.6248379945755005
1019,銷售,位居,0.6222180724143982
1020,車價,報空,0.5962471961975098
1021,車價,精裝版,0.5584752559661865
1022,車價,折讓,0.5419105291366577
1023,車價,可談,0.5413859486579895
1024,車價,含稅,0.540471613407135
1025,車價,含乙式,0.5382376909255981
1026,車價,再折,0.5336669087409973
1027,車價,價差,0.5319275259971619
1028,車價,未含,0.5307134985923767
1029,車價,設定費,0.5262126922607422
1030,acc,lta,0.6739451885223389
1031,acc,全速,0.6653022170066833
1032,acc,車距,0.6617619395256042
1033,acc,跟車,0.6601269245147705
1034,acc,車維,0.6518712043762207
1035,acc,stop,0.6188644170761108
1036,acc,偏移,0.6180935502052307
1037,acc,定速,0.615803062915802
1038,acc,lda,0.6152725219726562
1039,acc,乒乓球,0.6083626747131348
1040,本田,台本,0.7009820938110352
1041,本田,台苯,0.6251161098480225
1042,本田,喜美,0.5654146075248718
1043,本田,專賣店,0.5443546175956726
1044,本田,acura,0.5095505714416504
1045,本田,廣汽,0.5032032132148743
1046,本田,東風,0.49898701906204224
1047,本田,好料,0.4983319342136383
1048,本田,日產,0.4970604479312897
1049,本田,雅歌,0.4945211410522461
1050,好看,蠻帥,0.684444010257721
1051,好看,有帥,0.6638860702514648
1052,好看,很帥,0.6632673144340515
1053,好看,耐看,0.6611175537109375
1054,好看,滑鼠,0.6544767618179321
1055,好看,醜到,0.6544275283813477
1056,好看,醜爆,0.6523250341415405
1057,好看,很醜,0.6497522592544556
1058,好看,尾巴,0.6493239402770996
1059,好看,好醜,0.6391374468803406
1060,一次,兩次,0.6075235605239868
1061,一次,頻率,0.5443058609962463
1062,一次,三次,0.5314794182777405
1063,一次,五千,0.5292203426361084
1064,一次,每半年,0.5197147130966187
1065,一次,健檢,0.4968163073062897
1066,一次,滿月,0.4961448609828949
1067,一次,一萬五,0.493465393781662
1068,一次,定保,0.4927990436553955
1069,一次,一千,0.49057838320732117
1070,資訊,訊息,0.647511899471283
1071,資訊,感恩,0.6203629970550537
1072,資訊,求站,0.6045201420783997
1073,資訊,跪求,0.5914514660835266
1074,資訊,可否,0.5780049562454224
1075,資訊,私信,0.5647169351577759
1076,資訊,煩請,0.5634522438049316
1077,資訊,神單,0.5526366233825684
1078,資訊,另列,0.5446624755859375
1079,資訊,回信,0.5416065454483032
1080,油車,電車,0.6534374952316284
1081,油車,純油,0.5658966302871704
1082,油車,電的,0.5446784496307373
1083,油車,bev,0.5413737297058105
1084,油車,汽油車,0.5365376472473145
1085,油車,用電,0.5359943509101868
1086,油車,油電車,0.535510241985321
1087,油車,燃油車,0.5341424942016602
1088,油車,核電,0.5204353928565979
1089,油車,火力,0.5163270235061646
1090,朋友,同事,0.5640230178833008
1091,朋友,男友,0.5607204437255859
1092,朋友,身邊,0.5571117401123047
1093,朋友,認識,0.5541671514511108
1094,朋友,鄰居,0.5479367971420288
1095,朋友,親戚,0.5346351265907288
1096,朋友,哥哥,0.5342434048652649
1097,朋友,周遭,0.5290393829345703
1098,朋友,第二台,0.521415114402771
1099,朋友,借車,0.5203224420547485
1100,妥善率,妥善,0.6695083975791931
1101,妥善率,神話,0.5746773481369019
1102,妥善率,雙福,0.5369214415550232
1103,妥善率,耐用度,0.5367306470870972
1104,妥善率,後勤,0.5322003364562988
1105,妥善率,二手價,0.5293666124343872
1106,妥善率,可靠度,0.5265485048294067
1107,妥善率,你懂,0.5230340361595154
1108,妥善率,車好,0.514037549495697
1109,妥善率,迷思,0.504063606262207
1110,台北,新竹,0.7927252650260925
1111,台北,台中,0.7865052223205566
1112,台北,新北,0.7806124687194824
1113,台北,桃園,0.7740789651870728
1114,台北,高雄,0.7602425217628479
1115,台北,台南,0.7399507761001587
1116,台北,彰化,0.7310900688171387
1117,台北,雙北,0.7254850268363953
1118,台北,雲林,0.7211271524429321
1119,台北,宜蘭,0.7171671390533447
1120,市區,停停,0.6591449975967407
1121,市區,走走,0.657535195350647
1122,市區,單趟,0.6530094742774963
1123,市區,短程,0.6516178846359253
1124,市區,郊區,0.6508535146713257
1125,市區,路程,0.6337130069732666
1126,市區,單程,0.6329197883605957
1127,市區,常跑,0.6320351362228394
1128,市區,高架,0.6176720857620239
1129,市區,右腳,0.6151463985443115
1130,狀況,寄送,0.5824839472770691
1131,狀況,面交,0.5673407912254333
1132,狀況,欲售,0.5610983967781067
1133,狀況,物品,0.5606850981712341
1134,狀況,交易,0.5566640496253967
1135,狀況,自取,0.5510697960853577
1136,狀況,名稱,0.5213308930397034
1137,狀況,轉點,0.5190568566322327
1138,狀況,轉帳,0.4952554404735565
1139,狀況,適用,0.4945168197154999
1140,測試,實驗室,0.6533321738243103
1141,測試,實測,0.5906305909156799
1142,測試,撞擊,0.5813151001930237
1143,測試,ncap,0.5798900723457336
1144,測試,試驗,0.563194990158081
1145,測試,tncap,0.555652379989624
1146,測試,euro,0.5408144593238831
1147,測試,送測,0.540701150894165
1148,測試,撞測,0.5326504111289978
1149,測試,客觀,0.5273514986038208
1150,功能,一鍵,0.6338034868240356
1151,功能,衛星,0.628317654132843
1152,功能,機能,0.6178900599479675
1153,功能,遠端,0.605686604976654
1154,功能,多功能,0.5838469862937927
1155,功能,連線,0.5793930292129517
1156,功能,航創,0.571872353553772
1157,功能,雙區,0.5691286325454712
1158,功能,語音,0.5642253756523132
1159,功能,感應,0.56415194272995
1160,馬自達,遲到,0.6819441914558411
1161,馬自達,自大,0.6322645545005798
1162,馬自達,mazda,0.5867109298706055
1163,馬自達,松田,0.5323456525802612
1164,馬自達,馬黑,0.5120767951011658
1165,馬自達,台馬,0.505950927734375
1166,馬自達,鈴木,0.5027369260787964
1167,馬自達,魔術,0.494392067193985
1168,馬自達,霸陸,0.474765807390213
1169,馬自達,我馬,0.470615029335022
1170,電動,腰靠,0.531630277633667
1171,電動,啟閉,0.5282528400421143
1172,電動,記憶,0.4988631010055542
1173,電動,電動椅,0.4970654845237732
1174,電動,電熱,0.490022748708725
1175,電動,感應,0.48122841119766235
1176,電動,手動,0.47943052649497986
1177,電動,遮陽,0.47808054089546204
1178,電動,尾門,0.4704282283782959
1179,電動,收折,0.4681546092033386
1180,繼續,再戰,0.4811651110649109
1181,繼續,下一個,0.4417138397693634
1182,繼續,年年,0.4401552677154541
1183,繼續,含淚,0.43565595149993896
1184,繼續,天真,0.4316331744194031
1185,繼續,快點,0.4308745861053467
1186,繼續,擺爛,0.4261264204978943
1187,繼續,早點,0.42561835050582886
1188,繼續,到時候,0.42550161480903625
1189,繼續,下個,0.42533189058303833
1190,以前,exsior,0.4764780104160309
1191,以前,天王星,0.47427254915237427
1192,以前,我家,0.4646250307559967
1193,以前,小時候,0.4643514156341553
1194,以前,懷念,0.4623398184776306
1195,以前,三十年,0.4549041986465454
1196,以前,嘉年華,0.44904661178588867
1197,以前,尼桑,0.4434528052806854
1198,以前,印象,0.4330167770385742
1199,以前,十幾年,0.43243828415870667
1200,改款,小改款,0.6432854533195496
1201,改款,大改,0.6406192779541016
1202,改款,小改,0.6190714240074158
1203,改款,改版,0.6066989898681641
1204,改款,第四季,0.57997727394104
1205,改款,現身,0.5767336487770081
1206,改款,登場,0.5744154453277588
1207,改款,第三季,0.574061393737793
1208,改款,六代,0.5737406611442566
1209,改款,新一代,0.5716128349304199
1210,mazda,馬自達,0.5867109894752502
1211,mazda,cx,0.5361226201057434
1212,mazda,買馬,0.5304758548736572
1213,mazda,魂動,0.49352723360061646
1214,mazda,skyactiv,0.49177977442741394
1215,mazda,種子,0.49032098054885864
1216,mazda,松田,0.4849957823753357
1217,mazda,buick,0.4788360595703125
1218,mazda,trek,0.47697481513023376
1219,mazda,魔術,0.47374147176742554
1220,煞車,點頭,0.6290839314460754
1221,煞車,剎車,0.6241517066955566
1222,煞車,總泵,0.5754217505455017
1223,煞車,力道,0.5739203095436096
1224,煞車,做動,0.5669537782669067
1225,煞車,急煞,0.5630203485488892
1226,煞車,放開,0.5544065833091736
1227,煞車,踩煞車,0.5538065433502197
1228,煞車,滑行,0.5420578718185425
1229,煞車,斜坡,0.5376274585723877
1230,消費者,最大化,0.5332942008972168
1231,消費者,利益,0.5216980576515198
1232,消費者,民眾,0.4841555655002594
1233,消費者,對抗,0.47669973969459534
1234,消費者,樂見,0.47614625096321106
1235,消費者,競爭,0.47436684370040894
1236,消費者,權益,0.47407805919647217
1237,消費者,生存,0.46825459599494934
1238,消費者,欺騙,0.4662429094314575
1239,消費者,商人,0.46551769971847534
1240,po,好人,0.6241179704666138
1241,po,問的,0.6124564409255981
1242,po,帥哥,0.5870473980903625
1243,po,寄信,0.5780979990959167
1244,po,貼文,0.5773189067840576
1245,po,好心,0.5706771612167358
1246,po,小妹,0.5638214349746704
1247,po,信箱,0.5523282289505005
1248,po,徵到,0.5512933135032654
1249,po,版主,0.5503712296485901
1250,折扣,折價,0.8083104491233826
1251,折扣,可折,0.7356176376342773
1252,折扣,贈送配備,0.7355837821960449
1253,折扣,折扣價,0.7338850498199463
1254,折扣,折現,0.7186192274093628
1255,折扣,贈品,0.715608537197113
1256,折扣,含乙式,0.7082684636116028
1257,折扣,零利率,0.7046845555305481
1258,折扣,領牌車,0.7041641473770142
1259,折扣,折多少,0.7041004300117493
1260,vios,雅緻,0.6433174014091492
1261,vios,tercel,0.5955705046653748
1262,vios,雅致,0.5779032111167908
1263,vios,經典版,0.5680108070373535
1264,vios,livina,0.5503557324409485
1265,vios,colt,0.5352176427841187
1266,vios,premio,0.5186561942100525
1267,vios,tiida,0.5182577967643738
1268,vios,yaris,0.5158239603042603
1269,vios,march,0.5153090953826904
1270,顏色,排檔形式,0.8695774078369141
1271,顏色,銀色,0.8191868662834167
1272,顏色,鐵灰,0.765876054763794
1273,顏色,無調,0.7563528418540955
1274,顏色,鐵灰色,0.7506866455078125
1275,顏色,xxx,0.738196611404419
1276,顏色,灰色,0.7377831935882568
1277,顏色,xxxkm,0.7215613722801208
1278,顏色,白色,0.7186703681945801
1279,顏色,緩慢,0.7057287096977234
1280,更換,李子,0.6199541091918945
1281,更換,有換過,0.6171414852142334
1282,更換,四條,0.6157041788101196
1283,更換,只換,0.6147969365119934
1284,更換,換過,0.6142715215682983
1285,更換,火星塞,0.6125479936599731
1286,更換,該換,0.6089372038841248
1287,更換,預防性,0.6075621843338013
1288,更換,換的,0.6053575277328491
1289,更換,來令片,0.6012541055679321
1290,超過,不到,0.4957085847854614
1291,超過,低於,0.493461549282074
1292,超過,累積,0.4865725636482239
1293,超過,累計,0.4627310335636139
1294,超過,還不到,0.4524315297603607
1295,超過,逼近,0.45184341073036194
1296,超過,三分,0.4501398503780365
1297,超過,合計,0.44985994696617126
1298,超過,估計,0.4482543468475342
1299,超過,驚人,0.44185373187065125
1300,國產車,進口車,0.7420710325241089
1301,國產車,關稅,0.5795207619667053
1302,國產車,國慘車,0.5582677721977234
1303,國產車,越賣,0.5512925982475281
1304,國產車,國人,0.5407932996749878
1305,國產車,國慘,0.5333229899406433
1306,國產車,組裝廠,0.5280594229698181
1307,國產車,緣故,0.524885356426239
1308,國產車,越貴,0.5185853242874146
1309,國產車,稅率,0.5183314085006714
1310,菜單,名片,0.7685672640800476
1311,菜單,私信,0.7485437989234924
1312,菜單,含乙式,0.7409782409667969
1313,菜單,接洽,0.7321979403495789
1314,菜單,可談,0.6928978562355042
1315,菜單,自理,0.6927388906478882
1316,菜單,可折,0.684345543384552
1317,菜單,回信,0.6807060837745667
1318,菜單,實付,0.6781758666038513
1319,菜單,為佳,0.6771789789199829
1320,年式,藍耀灰,0.6520985960960388
1321,年式,雲河,0.6494993567466736
1322,年式,雪貂,0.645895779132843
1323,年式,岩綠,0.6430419683456421
1324,年式,新年式,0.6389729380607605
1325,年式,旗艦,0.6381879448890686
1326,年式,旗艦型,0.6333142518997192
1327,年式,藍曜,0.6321908235549927
1328,年式,全新車,0.6243857741355896
1329,年式,展示車,0.6228667497634888
1330,影響,影響到,0.5769405364990234
1331,影響,造成,0.5589239001274109
1332,影響,導致,0.5330836772918701
1333,影響,因素,0.521605908870697
1334,影響,衝擊,0.5099346041679382
1335,影響,大增,0.4954654574394226
1336,影響,干擾,0.4946366846561432
1337,影響,鬆動,0.4925031065940857
1338,影響,連帶,0.47880229353904724
1339,影響,鬆脫,0.4700811207294464
1340,隔音,風切聲,0.6479133367538452
1341,隔音,風切,0.6420704126358032
1342,隔音,制震,0.6162286996841431
1343,隔音,胎噪,0.5904795527458191
1344,隔音,輪拱,0.5673114061355591
1345,隔音,穩定度,0.561366081237793
1346,隔音,會差,0.5569011569023132
1347,隔音,有感,0.5560391545295715
1348,隔音,bose,0.5539414286613464
1349,隔音,行路,0.5430495142936707
1350,馬力,kgm,0.7171764373779297
1351,馬力,峰值,0.6993402242660522
1352,馬力,綜效,0.6816706657409668
1353,馬力,帳面,0.6685447096824646
1354,馬力,rpm,0.6615029573440552
1355,馬力,hp,0.6501123309135437
1356,馬力,增壓,0.6494733095169067
1357,馬力,扭力,0.6445256471633911
1358,馬力,輸出,0.6400892734527588
1359,馬力,nm,0.6364573836326599
1360,版本,兩款,0.5544936656951904
1361,版本,package,0.5310904383659363
1362,版本,four,0.5272521376609802
1363,版本,edition,0.5264124274253845
1364,版本,三款,0.518105149269104
1365,版本,旗艦型,0.5181029438972473
1366,版本,預售價,0.5138379335403442
1367,版本,配有,0.511936366558075
1368,版本,配置,0.5091236233711243
1369,版本,頂規,0.5035536289215088
1370,kuga,苦瓜,0.6726464629173279
1371,kuga,tucson,0.6489324569702148
1372,kuga,stline,0.6102955341339111
1373,kuga,tucsonl,0.6077895164489746
1374,kuga,sportage,0.5949859023094177
1375,kuga,土桑,0.5869551301002502
1376,kuga,active,0.5814640522003174
1377,kuga,mghs,0.5686911344528198
1378,kuga,crv,0.5649518370628357
1379,kuga,escape,0.5582746863365173
1380,處理,補漆,0.5847185850143433
1381,處理,報價單,0.5688490271568298
1382,處理,處理好,0.5634275078773499
1383,處理,修復,0.561028003692627
1384,處理,傷到,0.5603320598602295
1385,處理,花點,0.5577197074890137
1386,處理,傷痕,0.5563658475875854
1387,處理,留車,0.5562934279441833
1388,處理,拆裝,0.5482049584388733
1389,處理,龜毛,0.5449519753456116
1390,省油,省稅,0.6256420016288757
1391,省油,耗油,0.6243060231208801
1392,省油,節能,0.592538058757782
1393,省油,養好,0.5756266713142395
1394,省油,很省,0.5701307654380798
1395,省油,常開,0.5678514838218689
1396,省油,好開,0.5543853044509888
1397,省油,短程,0.5435290336608887
1398,省油,單程,0.5347544550895691
1399,省油,單趟,0.5331003665924072
1400,台中,高雄,0.7982856035232544
1401,台中,新竹,0.7936157584190369
1402,台中,桃園,0.78702312707901
1403,台中,台北,0.7865051627159119
1404,台中,彰化,0.77995365858078
1405,台中,以北,0.7721590995788574
1406,台中,雙北,0.7538384199142456
1407,台中,台南,0.7527477741241455
1408,台中,雲林,0.745147705078125
1409,台中,大台北,0.7351964116096497
1410,無法,沒辦法,0.4527299106121063
1411,無法,不太能,0.4323005974292755
1412,無法,難以,0.42184513807296753
1413,無法,音量,0.4210517704486847
1414,無法,遙控器,0.4066896438598633
1415,無法,立即,0.4035561680793762
1416,無法,自行,0.39851608872413635
1417,無法,回復,0.3969463109970093
1418,無法,兩點,0.38923323154449463
1419,無法,解鎖,0.3892096281051636
1420,suv,cuv,0.6575973033905029
1421,suv,中型,0.623548686504364
1422,suv,中大型,0.6047631502151489
1423,suv,休旅,0.6002698540687561
1424,suv,跑旅,0.5797770619392395
1425,suv,mpv,0.5742524862289429
1426,suv,estate,0.5697550177574158
1427,suv,休旅車款,0.5652795433998108
1428,suv,休旅車,0.5639670491218567
1429,suv,小型,0.5549675822257996
1430,反正,沒差,0.5527675747871399
1431,反正,照樣,0.5403195023536682
1432,反正,愛買,0.539718508720398
1433,反正,無所謂,0.5144488215446472
1434,反正,你還,0.5121517777442932
1435,反正,吞下去,0.5060961246490479
1436,反正,含淚,0.5046287178993225
1437,反正,狗屎,0.498170405626297
1438,反正,委屈,0.4977191090583801
1439,反正,就行,0.49499309062957764
1440,機油,換油,0.7204130291938782
1441,機油,自備,0.7149531841278076
1442,機油,礦物油,0.677449643611908
1443,機油,濾芯,0.6705420017242432
1444,機油,一瓶,0.6668941974639893
1445,機油,濾心,0.6544640064239502
1446,機油,mobil,0.6512385010719299
1447,機油,油品,0.6292116641998291
1448,機油,刪單,0.6146465539932251
1449,機油,換一次,0.5978376865386963
1450,還好,誇張,0.4959808588027954
1451,還好,好扯,0.48912033438682556
1452,還好,避開,0.48626381158828735
1453,還好,我馬,0.4848417043685913
1454,還好,還開,0.4822203814983368
1455,還好,問他,0.4819693863391876
1456,還好,慶幸,0.478376179933548
1457,還好,哪招,0.47496384382247925
1458,還好,無感,0.46711084246635437
1459,還好,超好,0.4668697416782379
1460,幹嘛,找麻煩,0.5075784921646118
1461,幹嘛,幹麻,0.4915109872817993
1462,幹嘛,就別,0.49063605070114136
1463,幹嘛,你當,0.4899851083755493
1464,幹嘛,就爛,0.4825131893157959
1465,幹嘛,你家,0.47587230801582336
1466,幹嘛,你問,0.4753486216068268
1467,幹嘛,那你,0.47499191761016846
1468,幹嘛,就行,0.4746502637863159
1469,幹嘛,假裝,0.47424429655075073
1470,參考,表格,0.49332118034362793
1471,參考,給你,0.47751304507255554
1472,參考,提供給,0.4611067473888397
1473,參考,問的,0.4556741714477539
1474,參考,sum,0.4492907226085663
1475,參考,萬給,0.44809022545814514
1476,參考,版友,0.4344072639942169
1477,參考,再問,0.43432676792144775
1478,參考,mobile,0.43156954646110535
1479,參考,可折,0.4248751997947693
1480,不含,未含,0.7347930073738098
1481,不含,詳列,0.7203362584114075
1482,不含,折現,0.7052604556083679
1483,不含,折扣價,0.6976476907730103
1484,不含,可送,0.6967887878417969
1485,不含,請報,0.6917083263397217
1486,不含,含乙式,0.6895108819007874
1487,不含,總價,0.6884888410568237
1488,不含,另列,0.6795969009399414
1489,不含,舊換新,0.6772533655166626
1490,維修,修理,0.6018772721290588
1491,維修,保修,0.5990681648254395
1492,維修,工單,0.5361843705177307
1493,維修,耗材,0.5332706570625305
1494,維修,維修費,0.5308207273483276
1495,維修,保修廠,0.5290086269378662
1496,維修,零件,0.525870144367218
1497,維修,出保,0.5236687064170837
1498,維修,維護,0.5234448313713074
1499,維修,師父,0.5157589912414551
1500,配件,折現,0.8195449709892273
1501,配件,另列,0.7975226044654846
1502,配件,詳列,0.7836905121803284
1503,配件,可送,0.7632927298545837
1504,配件,加購,0.7624422311782837
1505,配件,含乙式,0.75107342004776
1506,配件,贈品,0.7507691979408264
1507,配件,贈送,0.7501635551452637
1508,配件,自理,0.7454084157943726
1509,配件,品項,0.7438331246376038
1510,推薦,給點,0.5403296947479248
1511,推薦,請益,0.5313124656677246
1512,推薦,不騙,0.5254731178283691
1513,推薦,聊聊,0.5208264589309692
1514,推薦,指點,0.5143864154815674
1515,推薦,友們,0.5140818357467651
1516,推薦,選手,0.5105367302894592
1517,推薦,店家,0.5026844143867493
1518,推薦,飛鳥,0.5022952556610107
1519,推薦,感激,0.5016798377037048
1520,自動,下擺,0.633147656917572
1521,自動,遠光燈,0.6297664046287537
1522,自動,ahb,0.6202858686447144
1523,自動,遙控,0.6150457262992859
1524,自動,感應,0.614032506942749
1525,自動,手動,0.6015227437019348
1526,自動,上鎖,0.5889323353767395
1527,自動,啟閉,0.5852316617965698
1528,自動,盲區,0.577436625957489
1529,自動,速控,0.5661328434944153
1530,重要,開心,0.4506097733974457
1531,重要,注重,0.42540425062179565
1532,重要,好顧,0.40578144788742065
1533,重要,妥協,0.4048140048980713
1534,重要,多餘,0.40325355529785156
1535,重要,我個,0.40285587310791016
1536,重要,happywifehappylife,0.4025183320045471
1537,重要,做好,0.39723125100135803
1538,重要,加分,0.39673981070518494
1539,重要,點是,0.3959119915962219
1540,零件,料件,0.6501378417015076
1541,零件,新品,0.5813897848129272
1542,零件,修理,0.5729902386665344
1543,零件,備料,0.5594571828842163
1544,零件,副廠,0.5558719635009766
1545,零件,損壞,0.5477935671806335
1546,零件,工錢,0.5412327647209167
1547,零件,正廠,0.5344343185424805
1548,零件,耗材,0.5296964645385742
1549,零件,維修,0.5258702039718628
1550,honda,freed,0.5967589020729065
1551,honda,vezel,0.5898687243461609
1552,honda,rogue,0.5712512135505676
1553,honda,mitsubishi,0.5672220587730408
1554,honda,hyundai,0.5650588274002075
1555,honda,nissan,0.5524954795837402
1556,honda,chevrolet,0.5481455326080322
1557,honda,grand,0.5481376051902771
1558,honda,ford,0.5403247475624084
1559,honda,buick,0.539656400680542
1560,休旅,跨界,0.6513239741325378
1561,休旅,休旅車,0.6263548135757446
1562,休旅,休旅車款,0.6101682186126709
1563,休旅,中型,0.6015321016311646
1564,休旅,跑旅,0.6012060046195984
1565,休旅,suv,0.6002697944641113
1566,休旅,rv,0.5680249929428101
1567,休旅,小型,0.5675677061080933
1568,休旅,掀背,0.5514310598373413
1569,休旅,一款,0.5501590371131897
1570,領牌,領牌車,0.761241614818573
1571,領牌,實支,0.6905070543289185
1572,領牌,未含,0.6851108074188232
1573,領牌,實付,0.6812979578971863
1574,領牌,自理,0.67315274477005
1575,領牌,人頭,0.673020601272583
1576,領牌,展示車,0.6681532263755798
1577,領牌,含乙式,0.6662026047706604
1578,領牌,實報實銷,0.6623571515083313
1579,領牌,規費,0.6450021862983704
1580,以後,到時候,0.48392412066459656
1581,以後,早點,0.44489458203315735
1582,以後,好不容易,0.4417256712913513
1583,以後,車去,0.43788713216781616
1584,以後,太遠,0.4376348853111267
1585,以後,拖到,0.4370771646499634
1586,以後,先買,0.4365665316581726
1587,以後,太早,0.4353781044483185
1588,以後,好爽,0.4330681562423706
1589,以後,存錢,0.4308808147907257
1590,北部,南部,0.8665628433227539
1591,北部,中部,0.8561119437217712
1592,北部,中北部,0.818019449710846
1593,北部,北基,0.8049856424331665
1594,北部,中南部,0.8020340800285339
1595,北部,大台北,0.797680139541626
1596,北部,借徵,0.7961817979812622
1597,北部,以北,0.7930675148963928
1598,北部,桃竹苗,0.7921741604804993
1599,北部,雙北,0.7826928496360779
1600,去年,前年,0.5659102201461792
1601,去年,三月,0.5325450301170349
1602,去年,登錄,0.5274515748023987
1603,去年,六月,0.5267683267593384
1604,去年,九月,0.5254257917404175
1605,去年,上週,0.5228796005249023
1606,去年,剛換,0.5212263464927673
1607,去年,年初,0.5194829702377319
1608,去年,近期,0.5131037831306458
1609,去年,二月,0.49846184253692627
1610,prius,phv,0.6904461979866028
1611,prius,alpha,0.6526485681533813
1612,prius,priusc,0.5478784441947937
1613,prius,鎳氫,0.5192614793777466
1614,prius,aqua,0.5146468877792358
1615,prius,下架,0.5090487599372864
1616,prius,pc,0.47631600499153137
1617,prius,ct,0.4762977957725525
1618,prius,cth,0.47131189703941345
1619,prius,hv,0.47118109464645386
1620,想要,加錢,0.48133862018585205
1621,想要,選定,0.4711388051509857
1622,想要,懷孕,0.4701497256755829
1623,想要,念頭,0.46772927045822144
1624,想要,叔叔,0.46321073174476624
1625,想要,看人,0.46224236488342285
1626,想要,用不到,0.45516183972358704
1627,想要,看上,0.45511579513549805
1628,想要,試駕完,0.45257335901260376
1629,想要,傾向,0.45228809118270874
1630,適合,要載,0.5346590876579285
1631,適合,載人,0.5265623331069946
1632,適合,採買,0.523878276348114
1633,適合,短程,0.5231432318687439
1634,適合,稱職,0.5149595141410828
1635,適合,合適,0.5100107789039612
1636,適合,小家庭,0.5026775002479553
1637,適合,家庭用車,0.500382661819458
1638,適合,養好,0.5001954436302185
1639,適合,舒適感,0.4993779957294464
1640,line,信加,0.7369175553321838
1641,line,電話,0.7321010231971741
1642,line,詳談,0.7154853343963623
1643,line,id,0.7034848928451538
1644,line,尤佳,0.6721317172050476
1645,line,北基,0.6633726954460144
1646,line,來信,0.6484900712966919
1647,line,交換,0.6449642777442932
1648,line,新竹,0.6367148160934448
1649,line,圖床,0.6311491131782532
1650,主要,決策,0.49335405230522156
1651,主要,內有,0.4658781886100769
1652,主要,需為,0.45744237303733826
1653,主要,為主,0.44753459095954895
1654,主要,居住,0.44739261269569397
1655,主要,傾向,0.44309890270233154
1656,主要,基隆,0.43769291043281555
1657,主要,排斥,0.4340170621871948
1658,主要,往返,0.4302902817726135
1659,主要,因素,0.4296794533729553
1660,售價,調漲,0.6151096820831299
1661,售價,折合,0.602495551109314
1662,售價,預售價,0.5921578407287598
1663,售價,新臺幣,0.5915670990943909
1664,售價,萬至,0.5903632640838623
1665,售價,漲幅,0.5724334716796875
1666,售價,英鎊,0.5589042901992798
1667,售價,新台幣,0.546931803226471
1668,售價,不等,0.5395541191101074
1669,售價,萬起,0.5313187837600708
1670,試乘,展示車,0.7168675065040588
1671,試乘,下定,0.6125434041023254
1672,試乘,全新車,0.6078038811683655
1673,試乘,展示,0.6018289923667908
1674,試乘,試駕完,0.5907993912696838
1675,試乘,藍曜,0.5810704231262207
1676,試乘,藍耀灰,0.5741766691207886
1677,試乘,實報實銷,0.5722306966781616
1678,試乘,選定,0.5684656500816345
1679,試乘,中北部,0.5618226528167725
1680,全車,mio,0.7049338817596436
1681,全車,蜂巢,0.7023406624794006
1682,全車,fsk,0.6973985433578491
1683,全車,藍鑽,0.6816351413726807
1684,全車,前二,0.6801115274429321
1685,全車,前擋,0.6786121129989624
1686,全車,淨化,0.6758872270584106
1687,全車,前檔,0.6700254678726196
1688,全車,晴雨,0.6659243702888489
1689,全車,隔熱紙,0.6632878184318542
1690,sport,sports,0.6019226908683777
1691,sport,edition,0.5508180856704712
1692,sport,premium,0.5483293533325195
1693,sport,design,0.5438805222511292
1694,sport,touring,0.5395416617393494
1695,sport,package,0.5336670875549316
1696,sport,藍曜,0.5328468680381775
1697,sport,雪貂,0.5250615477561951
1698,sport,trek,0.522846519947052
1699,sport,avs,0.5220856666564941
1700,還在,海上,0.45996448397636414
1701,還在,那有,0.4575900733470917
1702,還在,哭哭,0.45703697204589844
1703,還在,年年,0.43691885471343994
1704,還在,很久,0.4345629811286926
1705,還在,第一批,0.43282267451286316
1706,還在,車了,0.4326324760913849
1707,還在,時空,0.4210043251514435
1708,還在,等一下,0.420185387134552
1709,還在,啪啪,0.41979798674583435
1710,休旅車,休旅,0.6263549327850342
1711,休旅車,suv,0.5639671087265015
1712,休旅車,轎車,0.5343236327171326
1713,休旅車,小型,0.5329180359840393
1714,休旅車,休旅車款,0.517336368560791
1715,休旅車,轎式,0.5007656812667847
1716,休旅車,中大型,0.498426616191864
1717,休旅車,掀背車,0.4956516921520233
1718,休旅車,中型,0.48049110174179077
1719,休旅車,大型,0.47288185358047485
1720,換車,念頭,0.6764103770256042
1721,換車,練車,0.6132814288139343
1722,換車,開新車,0.6128945350646973
1723,換車,家中,0.6107791662216187
1724,換車,懷孕,0.6090701222419739
1725,換車,出售,0.60756915807724
1726,換車,想換,0.6066976189613342
1727,換車,過來人,0.604955792427063
1728,換車,有緣人,0.5948171019554138
1729,換車,割愛,0.5933992266654968
1730,車身,舒熱佳,0.549977719783783
1731,車身,車貼,0.5313166975975037
1732,車身,ga,0.5229145884513855
1733,車身,蜂巢,0.5208141803741455
1734,車身,車側,0.5166553854942322
1735,車身,前擋,0.5040475130081177
1736,車身,銳利,0.5013858079910278
1737,車身,加長,0.4997348189353943
1738,車身,一層,0.49918514490127563
1739,車身,前霧燈,0.49866652488708496
1740,冷氣,壓縮機,0.6859024167060852
1741,冷氣,風量,0.672143280506134
1742,冷氣,冷媒,0.6637231707572937
1743,冷氣,風扇,0.6216604709625244
1744,冷氣,異味,0.6085672378540039
1745,冷氣,風口,0.606294572353363
1746,冷氣,暖氣,0.601078987121582
1747,冷氣,溫度,0.5799086689949036
1748,冷氣,濾網,0.5768188834190369
1749,冷氣,清洗,0.5748161673545837
1750,當初,先上,0.44475042819976807
1751,當初,轉賣,0.43805715441703796
1752,當初,台新車,0.42437368631362915
1753,當初,要加,0.42314672470092773
1754,當初,很想,0.42025893926620483
1755,當初,問說,0.41828975081443787
1756,當初,前有,0.41733112931251526
1757,當初,沒買,0.41598227620124817
1758,當初,勸退,0.4159780740737915
1759,當初,兩萬多,0.41596129536628723
1760,政府,政策,0.6487088799476624
1761,政府,官員,0.6299231648445129
1762,政府,稅收,0.6173316836357117
1763,政府,我國,0.6143398880958557
1764,政府,減免,0.6107208728790283
1765,政府,機關,0.6087793111801147
1766,政府,修法,0.5964012145996094
1767,政府,立法,0.5881362557411194
1768,政府,協定,0.583408772945404
1769,政府,全民,0.5815631151199341
1770,賓士,寶馬,0.5846479535102844
1771,賓士,bmw,0.5298386812210083
1772,賓士,benz,0.5150110721588135
1773,賓士,雙逼,0.5082800984382629
1774,賓士,勞斯萊斯,0.5057501792907715
1775,賓士,cla,0.5045016407966614
1776,賓士,東洋,0.49960827827453613
1777,賓士,藍寶堅尼,0.49892544746398926
1778,賓士,glc,0.4891034960746765
1779,賓士,富豪,0.4854593575000763
1780,乙式,全險,0.8345344662666321
1781,乙式,丙式,0.8180921077728271
1782,乙式,乙式險,0.8122642040252686
1783,乙式,實付,0.8016048669815063
1784,乙式,含乙式,0.7806519269943237
1785,乙式,實支,0.7736222743988037
1786,乙式,實報實銷,0.7683060169219971
1787,乙式,自理,0.768176257610321
1788,乙式,另列,0.7615039348602295
1789,乙式,總價,0.7580247521400452
1790,表示,協商,0.5362417101860046
1791,表示,展開,0.5183536410331726
1792,表示,引發,0.5114151835441589
1793,表示,並未,0.5100803971290588
1794,表示,將在,0.5080350637435913
1795,表示,暫停,0.5074110627174377
1796,表示,宣布,0.5061832666397095
1797,表示,肺炎,0.50383061170578
1798,表示,對外,0.5022130012512207
1799,表示,指出,0.49932268261909485
1800,未來,勢必,0.5590061545372009
1801,未來,過渡,0.5386072993278503
1802,未來,將來,0.5373854041099548
1803,未來,禁售,0.5137767195701599
1804,未來,現階段,0.5015242695808411
1805,未來,電氣化,0.4978404939174652
1806,未來,趨勢,0.4927235245704651
1807,未來,愈來愈,0.4919291138648987
1808,未來,氫能源,0.4911011755466461
1809,未來,走向,0.4889299273490906
1810,產品,產品線,0.5300504565238953
1811,產品,策略,0.4760250151157379
1812,產品,陣容,0.47440192103385925
1813,產品,特性,0.4711427092552185
1814,產品,競爭力,0.4644881784915924
1815,產品,第一款,0.461663156747818
1816,產品,電氣化,0.45465368032455444
1817,產品,富士康,0.45117923617362976
1818,產品,創新,0.4485864043235779
1819,產品,生存,0.4442690908908844
1820,輔助,預警式,0.6786823272705078
1821,輔助,ahb,0.6563658714294434
1822,輔助,assist,0.6481473445892334
1823,輔助,警示,0.6480095982551575
1824,輔助,lda,0.6461411714553833
1825,輔助,盲區,0.6203534603118896
1826,輔助,智能,0.6170256733894348
1827,輔助,照明,0.6142002940177917
1828,輔助,照明燈,0.6054767370223999
1829,輔助,sense,0.6014119982719421
1830,影音,特仕,0.8410391807556152
1831,影音,精裝,0.7936546802520752
1832,影音,特仕車,0.7682428956031799
1833,影音,精裝版,0.6935931444168091
1834,影音,特式,0.6825730800628662
1835,影音,加選,0.6815181374549866
1836,影音,carmax,0.6302489042282104
1837,影音,廠裝,0.6272556781768799
1838,影音,garmin,0.6271723508834839
1839,影音,全配,0.6243418455123901
1840,升級,升級成,0.5606654286384583
1841,升級,tpms,0.5414098501205444
1842,升級,藍鑽,0.5235311388969421
1843,升級,全方位,0.5153273940086365
1844,升級,換裝,0.5099828839302063
1845,升級,淨化,0.5095765590667725
1846,升級,整套,0.5082233548164368
1847,升級,盲區,0.5060032606124878
1848,升級,mio,0.49531686305999756
1849,升級,航創,0.4941544234752655
1850,領牌車,人頭,0.7678562998771667
1851,領牌車,領牌,0.761241614818573
1852,領牌車,全新車,0.7573022246360779
1853,領牌車,展示車,0.7552234530448914
1854,領牌車,未含,0.7450157999992371
1855,領牌車,空車,0.7272599935531616
1856,領牌車,再折,0.7257923483848572
1857,領牌車,贈送配備,0.7136772274971008
1858,領牌車,含乙式,0.7130618095397949
1859,領牌車,舊換新,0.7120482325553894
1860,影片,yt,0.5792540907859802
1861,影片,拆車,0.5214622616767883
1862,影片,youtube,0.5210729241371155
1863,影片,拆解,0.5042373538017273
1864,影片,拍攝,0.5024204850196838
1865,影片,youtuber,0.5013265609741211
1866,影片,拍到,0.4981305003166199
1867,影片,觀看,0.49692654609680176
1868,影片,實測,0.4949650764465332
1869,影片,直播,0.4908704161643982
1870,老婆,太座,0.6487062573432922
1871,老婆,太太,0.6330410838127136
1872,老婆,女友,0.6246313452720642
1873,老婆,娘家,0.618360698223114
1874,老婆,happywifehappylife,0.6163071990013123
1875,老婆,小孩,0.6079697012901306
1876,老婆,懷孕,0.6055119037628174
1877,老婆,結婚,0.5889441967010498
1878,老婆,大人,0.5784884095191956
1879,老婆,女朋友,0.5745674967765808
1880,漲價,升值,0.6774358749389648
1881,漲價,日幣,0.675357460975647
1882,漲價,不漲,0.671805739402771
1883,漲價,漲一,0.670839250087738
1884,漲價,大漲,0.6581923365592957
1885,漲價,沒漲,0.6517900228500366
1886,漲價,計價,0.6502389907836914
1887,漲價,原物料,0.6458529829978943
1888,漲價,通膨,0.6430413126945496
1889,漲價,要漲,0.6421997547149658
1890,進口車,國產車,0.7420710325241089
1891,進口車,國慘車,0.6040487289428711
1892,進口車,越賣,0.5774017572402954
1893,進口車,進口,0.5761994123458862
1894,進口車,關稅,0.5657050013542175
1895,進口車,國慘,0.5656572580337524
1896,進口車,國人,0.5552526116371155
1897,進口車,稅率,0.5454826354980469
1898,進口車,沒撞測,0.5395473837852478
1899,進口車,有撞測,0.5395088195800781
1900,台灣人,米國,0.6049573421478271
1901,台灣人,愛買,0.5917991995811462
1902,台灣人,瞧不起,0.5845603942871094
1903,台灣人,日本人,0.5799975395202637
1904,台灣人,買單,0.5725744366645813
1905,台灣人,含淚,0.5667691826820374
1906,台灣人,賣貴,0.5536866188049316
1907,台灣人,吃定,0.5523906350135803
1908,台灣人,最會,0.5502247214317322
1909,台灣人,美國人,0.5459033250808716
1910,明顯,變小,0.5760904550552368
1911,明顯,風切,0.5675923228263855
1912,明顯,地面,0.5658854246139526
1913,明顯,胎噪,0.5597660541534424
1914,明顯,坑洞,0.5592576265335083
1915,明顯,體感,0.5522323250770569
1916,明顯,雜音,0.5512070059776306
1917,明顯,感覺到,0.5508140921592712
1918,明顯,風切聲,0.5470174551010132
1919,明顯,有感,0.5372308492660522
1920,詳細,詳列,0.7287148833274841
1921,詳細,內容,0.716303825378418
1922,詳細,越好,0.7151415348052979
1923,詳細,列出,0.7009031772613525
1924,詳細,私信,0.6992513537406921
1925,詳細,可送,0.698178231716156
1926,詳細,規費,0.6911593675613403
1927,詳細,可談,0.690511167049408
1928,詳細,煩請,0.6866646409034729
1929,詳細,另列,0.6778268814086914
1930,方向盤,手感,0.6072819232940674
1931,方向盤,真皮,0.5745028853416443
1932,方向盤,皮質,0.5598414540290833
1933,方向盤,撥桿,0.5483164191246033
1934,方向盤,儀表板,0.5471340417861938
1935,方向盤,旋鈕,0.5392420291900635
1936,方向盤,左側,0.5385136604309082
1937,方向盤,腰靠,0.5372604727745056
1938,方向盤,按鍵,0.5369592905044556
1939,方向盤,按鈕,0.5313111543655396
1940,停車,前二,0.597295880317688
1941,停車,路邊,0.5901600122451782
1942,停車,格子,0.5631312131881714
1943,停車,柱子,0.5567730069160461
1944,停車,巷弄,0.5567353963851929
1945,停車,開車門,0.5522300004959106
1946,停車,下擺,0.5501646995544434
1947,停車,停車格,0.5496057868003845
1948,停車,死角,0.5358714461326599
1949,停車,障礙物,0.535835325717926
1950,胎壓,偵測器,0.7821584939956665
1951,胎壓,tpms,0.7148795127868652
1952,胎壓,顯示,0.7106072902679443
1953,胎壓,解碼,0.6965627670288086
1954,胎壓,psi,0.6964108943939209
1955,胎壓,顯示器,0.6945010423660278
1956,胎壓,前二,0.6939604878425598
1957,胎壓,oro,0.6888974905014038
1958,胎壓,抬頭,0.6833271980285645
1959,胎壓,速控,0.6822191476821899
1960,操控,操控性,0.6713897585868835
1961,操控,指向,0.6438347101211548
1962,操控,過彎,0.6095857620239258
1963,操控,路感,0.6073265671730042
1964,操控,操駕,0.603701651096344
1965,操控,操控感,0.5956223011016846
1966,操控,體質,0.5948489904403687
1967,操控,紮實,0.591887354850769
1968,操控,鋼性,0.5913156867027283
1969,操控,調教,0.583296537399292
1970,不行,有夠,0.5184638500213623
1971,不行,幹麻,0.510952889919281
1972,不行,糟糕,0.5091800093650818
1973,不行,醜到,0.5083147287368774
1974,不行,太爛,0.5051533579826355
1975,不行,還行,0.5037584900856018
1976,不行,沒變,0.49123048782348633
1977,不行,納牌,0.48754847049713135
1978,不行,爛到,0.4865650534629822
1979,不行,不太行,0.48125696182250977
1980,價錢,價格,0.5630905032157898
1981,價錢,開價,0.5547933578491211
1982,價錢,太盤,0.5361758470535278
1983,價錢,三萬,0.5342726707458496
1984,價錢,可談,0.5323646068572998
1985,價錢,可折,0.5319649577140808
1986,價錢,咩咩,0.5308976769447327
1987,價錢,價位,0.5257787108421326
1988,價錢,已私,0.5244001746177673
1989,價錢,折到,0.5237994194030762
1990,沒事,有事,0.633874773979187
1991,沒事,裝車,0.633715033531189
1992,沒事,美式,0.6117449998855591
1993,沒事,美仕,0.6030486822128296
1994,沒事,車霉事,0.5980936288833618
1995,沒事,是車,0.5937429070472717
1996,沒事,車美仕,0.5754496455192566
1997,沒事,遠離,0.5742411017417908
1998,沒事,美事,0.5699726343154907
1999,沒事,你車,0.559538722038269
